"Wr","Wu","Wunc","mean_richness","sd_richness"
0,0,1,11491.91,287.707662200521
0,0.1,0.9,11584.85,267.520994172854
0,0.2,0.8,11646.09,278.059985353063
0,0.3,0.7,11656.85,276.638931614566
0,0.4,0.6,11696.65,243.584982992372
0,0.5,0.5,11672.24,230.237475997144
0,0.6,0.4,11634.99,245.333271368569
0,0.7,0.3,11620.35,230.116280443719
0,0.8,0.2,11584.4,257.457302530464
0,0.9,0.1,11534.12,259.516577777633
0,1,0,11541.98,267.477252124438
0.1,0,0.9,11589.77,254.545856439077
0.1,0.1,0.8,11668.9,246.286541666532
0.1,0.2,0.7,11719.84,233.699051920813
0.1,0.3,0.6,11769.87,242.952073878821
0.1,0.4,0.5,11726.75,250.345392720868
0.1,0.5,0.4,11694.18,259.211211411104
0.1,0.6,0.3,11661.01,247.005847679521
0.1,0.7,0.2,11636.98,227.548772882659
0.1,0.8,0.1,11617.26,225.577401439958
0.1,0.9,0,11602.47,218.260823259001
0.2,0,0.8,11705.83,229.299947138188
0.2,0.1,0.7,11774.61,208.42133389901
0.2,0.2,0.6,11838.62,187.340977952508
0.2,0.3,0.5,11834.59,216.832295434592
0.2,0.4,0.4,11834.05,209.131700566457
0.2,0.5,0.3,11799.03,188.028552259082
0.2,0.6,0.2,11738.56,215.973404647775
0.2,0.7,0.1,11646.65,209.917365896799
0.2,0.8,0,11623.14,234.556793320785
0.3,0,0.7,11805.47,221.287894888632
0.3,0.1,0.6,11888.43,220.336256112279
0.3,0.2,0.5,11962.15,209.137496456858
0.3,0.3,0.4,11915.49,198.070005734632
0.3,0.4,0.3,11908.51,205.783228842215
0.3,0.5,0.2,11867.26,209.284428759552
0.3,0.6,0.1,11776.4,229.332056021813
0.3,0.7,0,11735.4,262.798459476136
0.4,0,0.6,11922.51,273.341961985016
0.4,0.1,0.5,12022.1,225.570903095307
0.4,0.2,0.4,12022.71,192.434603610335
0.4,0.3,0.3,12013.24,196.633285302588
0.4,0.4,0.2,12011.34,191.586424309756
0.4,0.5,0.1,11973.85,190.759480217706
0.4,0.6,0,11918.09,211.364164417718
0.5,0,0.5,11950.22,246.145213771518
0.5,0.1,0.4,12022.76,209.005877835282
0.5,0.2,0.3,12071.63,206.889940731195
0.5,0.3,0.2,12085.69,208.593301799352
0.5,0.4,0.1,12132.76,193.948557169892
0.5,0.5,0,12086.68,209.16688422058
0.6,0,0.4,11963.27,287.884932645744
0.6,0.1,0.3,12064.06,226.949013986611
0.6,0.2,0.2,12128.74,197.291745208138
0.6,0.3,0.1,12131.39,202.053393033534
0.6,0.4,0,12136.1,225.214129308985
0.7,0,0.3,12002.09,292.978749013879
0.7,0.1,0.2,12067.36,282.634843834753
0.7,0.2,0.1,12120.98,261.710765633523
0.7,0.3,0,12121.94,263.729690969731
0.8,0,0.2,12048.12,314.138208018976
0.8,0.1,0.1,12110.58,303.481521578158
0.8,0.2,0,12149.34,261.114364819616
0.9,0,0.1,12060.76,324.341574531692
0.9,0.1,0,12097.52,294.343559313077
1,0,0,12059.95,322.787805178134
