SiteID,lat,lon,pH,WC
Site_1,36.51484,140.30832,3.62,22.88
Site_2,36.5148,140.30829,4.41,19.34
Site_3,36.51504,140.30756,5.52,33.05
Site_4,36.51498,140.30772,5.17,24.21
Site_5,36.51474,140.30831,4.82,21.22
Site_6,36.51485,140.30791,6.03,40.85
Site_7,36.51481,140.30802,5.66,30.62
Site_8,36.51485,140.30777,5.57,25.33
Site_9,36.51494,140.30742,6.28,46.14
Site_10,36.51488,140.30758,5.61,69.46
Site_11,36.5148,140.30766,5.75,44.2
Site_12,36.51452,140.30836,4.51,20.76
Site_13,36.51495,140.30714,5.66,33.52
Site_14,36.51486,140.30736,6.33,36.43
Site_15,36.5148,140.30752,5.52,61.99
Site_16,36.51493,140.30706,5.57,27.2
Site_17,36.51455,140.30776,4.96,34.24
Site_18,36.51447,140.30797,5.57,33.28
Site_19,36.51475,140.307,5.03,21.48
Site_20,36.51459,140.30716,5.31,30.81
Site_21,36.51424,140.30802,4.92,25.41
Site_22,36.51472,140.3067,4.94,21.91
Site_23,36.51444,140.3074,5.77,50.2
Site_24,36.51442,140.30745,5.09,32.97
Site_25,36.51438,140.30756,5.67,38.95
Site_26,36.51455,140.30699,5.54,32.27
Site_27,36.51423,140.3078,5.68,36.04
Site_28,36.51402,140.30834,5.08,28.09
Site_29,36.51434,140.30726,5.2,15.46
Site_30,36.51417,140.30769,5.45,29.19
Site_31,36.51394,140.30828,4.95,25.65
Site_32,36.5142,140.3075,5.4,36.38
Site_33,36.51398,140.30804,5.35,26.42
Site_34,36.51448,140.30666,4.58,21.15
Site_35,36.51418,140.30742,5.64,39.52
Site_36,36.51429,140.30701,5.78,25.68
Site_37,36.51395,140.30787,5.4,24.08
Site_38,36.51429,140.30687,5.46,37.43
Site_39,36.51397,140.30768,4.53,21.07
Site_40,36.51386,140.30795,4.59,20.32
Site_41,36.51414,140.30711,4.86,17.59
Site_42,36.51387,140.30754,4.86,22.05
Site_43,36.51388,140.30727,6,33.89
Site_44,36.51397,140.30691,4.27,20.2
Site_45,36.5138,140.30735,5.17,27.49
Site_46,36.51377,140.3074,4.91,30.26
Site_47,36.5138,140.30693,5.02,35.38
Site_48,36.51376,140.30704,5.39,29.34
Site_49,36.51374,140.30696,4.89,32.63
Site_50,36.51372,140.30701,5.42,35.07
Site_51,36.51362,140.30701,5.17,33.22
Site_52,36.51367,140.30676,4.86,31.06
Site_53,36.51354,140.30681,4.57,25.19